{
    "Modules": {
        "uvm_custom_install_verdi_recording": {
            "nMops": 101030,
            "start_perf": [
                3.226287841796875,
                0.00028499999999999999,
                0.0,
                427024,
                427024,
                1750165348.1636209,
                178306838524373
            ],
            "nQuads": 35529,
            "child_modules": {},
            "end_perf": [
                3.5391969680786133,
                0.18485699999999999,
                0.163109,
                429008,
                429008,
                178308157081894,
                25769803777,
                0
            ],
            "Compiled": "Yes",
            "svclass": [
                "uvm_custom_install_verdi_recording__vcs_type_T_17516288123831238565_54_42098745823728729451_7",
                0,
                0,
                0,
                0,
                0,
                "uvm_custom_install_verdi_recording__vcs_type_T_17516288123831238565_54_17604091792765680068_12",
                0,
                0,
                0,
                0,
                0,
                "uvm_custom_install_verdi_recording__vcs_type_T_33888099752757866797_48_29057405201454559803_10",
                0,
                0,
                0,
                0,
                0,
                "uvm_custom_install_verdi_recording__vcs_type_T_33000166982961514326_48_29057405201454559803_10",
                0,
                0,
                0,
                0,
                0,
                "uvm_custom_install_verdi_recording__vcs_type_T_17516288123831238565_54_29057405201454559803_10",
                0,
                0,
                0,
                0,
                0,
                "_vcs_struct_rsrc_msg_struct",
                0,
                0,
                0,
                0,
                0,
                "uvm_verdi_pli_base",
                13722,
                882,
                28,
                28,
                25769803922,
                "verdi_cmdline_processor",
                28182,
                2781,
                26,
                26,
                25769804151,
                "uvm_verdi_recorder",
                54857,
                5267,
                24,
                24,
                25769805038,
                "uvm_verdi_tr_database",
                13707,
                1112,
                12,
                12,
                25769804716,
                "uvm_verdi_tr_stream",
                17689,
                1595,
                14,
                14,
                25769804478,
                "uvm_map_access_recorder",
                26957,
                2644,
                11,
                11,
                25769805729,
                "verdi_report_catcher",
                139807,
                13974,
                19,
                19,
                25769806520,
                "uvm_verdi_factory",
                18723,
                1323,
                19,
                19,
                25769807814,
                "uvm_dhier_component",
                6136,
                450,
                7,
                7,
                25769809316,
                "uvm_verdi_pli",
                22420,
                1459,
                27,
                27,
                25769809449,
                "uvm_pkg_uvm_component_registry_234631716908298885_119",
                7208,
                533,
                11,
                11,
                12884907812,
                "uvm_pkg_uvm_object_registry_27790525464149621041_117",
                9854,
                792,
                11,
                11,
                12884907950,
                "uvm_pkg_uvm_object_registry_40988282182517526879_123",
                7493,
                586,
                11,
                11,
                12884907950,
                "uvm_pkg_uvm_object_registry_10606089621202890939_119",
                9854,
                792,
                11,
                11,
                12884907950
            ],
            "Compiled Times": 7,
            "significant_routs": [
                [
                    346,
                    "F_VCSgd_EbjT3_166_0",
                    175564654,
                    116488,
                    11605
                ]
            ],
            "nRouts": 623
        }
    },
    "stat": {
        "peak_mem_kb": 429012,
        "ru_self_end": {
            "ru_utime_sec": 0.18485699999999999,
            "ru_stime_sec": 0.16353500000000001,
            "ru_nivcsw": 1,
            "ru_maxrss_kb": 111652,
            "ru_majflt": 0,
            "ru_minflt": 10344,
            "ru_nvcsw": 0
        },
        "ru_childs_end": {
            "ru_utime_sec": 0.0,
            "ru_stime_sec": 0.0,
            "ru_nivcsw": 0,
            "ru_maxrss_kb": 0,
            "ru_majflt": 0,
            "ru_minflt": 0,
            "ru_nvcsw": 0
        },
        "cpu_cycles_end": 178308158603490
    },
    "CompUnits": {
        "EbjT3_d": {
            "bytes": 1533854,
            "mod": "uvm_custom_install_verdi_recording",
            "mode": 4,
            "text": 571540,
            "out": "EbjT3_d.o",
            "cls": 376609,
            "checksum": 0,
            "archive": "archive.6/_92125_archive_1.a"
        }
    },
    "reusePaths": {},
    "ObjArchives": [
        {
            "size": 1533854,
            "archive": "archive.6/_92125_archive_1.a",
            "objects": [
                [
                    "EbjT3_d.o",
                    1533854
                ]
            ]
        }
    ]
}