{
    "Modules": {
        "...MASTER...": {
            "nMops": 0,
            "start_perf": [
                3.2127439975738525,
                2.1439050000000002,
                1.721444,
                427024,
                447836,
                1750165348.1500771,
                178306781250108
            ],
            "nQuads": 0,
            "end_perf": [
                3.219700813293457,
                2.1439050000000002,
                1.725079,
                427032,
                447836,
                178306810655836,
                0,
                0
            ],
            "child_modules": {
                "_vcs_msglog": 1,
                "uvm_pkg": 1,
                "vcs_paramclassrepository": 1,
                "uvm_custom_install_verdi_recording": 1,
                "_vcs_DPI_package": 1,
                "tb_serial_divider": 1,
                "std": 1,
                "uvm_custom_install_recording": 1,
                "_vcs_unit__3816672411": 1
            },
            "nRouts": 5
        },
        "_vcs_DPI_package": {
            "nMops": 302,
            "start_perf": [
                3.2429118156433105,
                2.147516,
                1.746488,
                427048,
                447836,
                1750165348.1802449,
                178306908337534
            ],
            "nQuads": 157,
            "end_perf": [
                3.2440779209136963,
                2.1482299999999999,
                1.747069,
                427048,
                447836,
                178306913308162,
                0,
                0
            ],
            "child_modules": {},
            "Compiled Times": 7,
            "Compiled": "Yes",
            "nRouts": 16
        },
        "tb_serial_divider": {
            "nMops": 2028,
            "start_perf": [
                3.2261979579925537,
                2.1439050000000002,
                1.732297,
                427024,
                447836,
                1750165348.1635311,
                178306838066984
            ],
            "nQuads": 897,
            "end_perf": [
                3.2406039237976074,
                2.1463450000000002,
                1.745093,
                427048,
                447836,
                178306898728571,
                30064771073,
                0
            ],
            "child_modules": {},
            "Compiled Times": 7,
            "Compiled": "Yes",
            "nRouts": 99
        },
        "std": {
            "start_perf": [
                3.2406589984893799,
                2.1463800000000002,
                1.7451210000000001,
                427048,
                447836,
                1750165348.1779921,
                178306898855643
            ],
            "nMops": 544,
            "nQuads": 227,
            "child_modules": {},
            "end_perf": [
                3.2428607940673828,
                2.1474839999999999,
                1.746462,
                427048,
                447836,
                178306908211754,
                8589934594,
                0
            ],
            "Compiled": "Yes",
            "svclass": [
                "$vcs_nba_dyn_obj",
                0,
                35,
                2,
                2,
                0,
                "sigprop$$",
                0,
                35,
                2,
                2,
                0,
                "process",
                0,
                200,
                8,
                8,
                0,
                "event",
                0,
                34,
                2,
                2,
                0,
                "mailbox",
                0,
                140,
                9,
                9,
                0,
                "semaphore",
                0,
                84,
                5,
                5,
                0
            ],
            "Compiled Times": 7,
            "nRouts": 37
        },
        "_vcs_unit__3816672411": {
            "nMops": 50,
            "start_perf": [
                3.2441070079803467,
                2.1482480000000002,
                1.7470829999999999,
                427048,
                447836,
                1750165348.1814401,
                178306913367898
            ],
            "nQuads": 35,
            "end_perf": [
                3.244704008102417,
                2.1486139999999998,
                1.7473809999999999,
                427048,
                447836,
                178306915921650,
                4294967297,
                0
            ],
            "child_modules": {},
            "Compiled Times": 7,
            "Compiled": "Yes",
            "nRouts": 12
        },
        "_vcs_msglog": {
            "nMops": 38,
            "start_perf": [
                3.2447268962860107,
                2.148628,
                1.7473920000000001,
                427048,
                447836,
                1750165348.18206,
                178306915980398
            ],
            "nQuads": 29,
            "end_perf": [
                3.2451698780059814,
                2.1488990000000001,
                1.7476129999999999,
                427048,
                447836,
                178306917884692,
                17179869185,
                0
            ],
            "child_modules": {},
            "Compiled Times": 7,
            "Compiled": "Yes",
            "nRouts": 12
        }
    },
    "stat": {
        "peak_mem_kb": 447836,
        "ru_self_end": {
            "ru_utime_sec": 2.1488990000000001,
            "ru_stime_sec": 1.762974,
            "ru_nivcsw": 37,
            "ru_maxrss_kb": 164156,
            "ru_majflt": 0,
            "ru_minflt": 99993,
            "ru_nvcsw": 803
        },
        "ru_childs_end": {
            "ru_utime_sec": 0.88750200000000001,
            "ru_stime_sec": 0.37074699999999999,
            "ru_nivcsw": 35,
            "ru_maxrss_kb": 115020,
            "ru_majflt": 0,
            "ru_minflt": 72981,
            "ru_nvcsw": 142
        },
        "cpu_cycles_end": 178308401568890
    },
    "CompUnits": {},
    "reusePaths": {
        "zQBzV_d": {
            "icPath": "csrc"
        },
        "uM9F1_d": {
            "icPath": "csrc"
        },
        "amcQw_d": {
            "icPath": "csrc"
        },
        "reYIK_d": {
            "icPath": "csrc"
        },
        "gcsG2_d": {
            "icPath": "csrc"
        },
        "czHYF_d": {
            "icPath": "csrc"
        }
    },
    "ObjArchives": [
        {
            "size": 131072,
            "archive": "archive.6/_92081_archive_1.a",
            "objects": [
                [
                    "amcQwB.o",
                    131072
                ]
            ]
        }
    ]
}